Company,Valuation(US$ billions),Valuation date,Industry,Country,Founders
SpaceX,175,December 2023 [20],Aerospace,United States,Elon Musk
OpenAI,80-90,September 2023[21],Artificial intelligence,United States,"Sam Altman, Greg Brockman, Ilya Sutskever"
Binance,80-90,September 2021[13],Cryptocurrency,United Arab Emirates,Changpeng Zhao
Shein,66,May 2023 [13],E-commerce,China,Chris Xu
Stripe,50,March 2023 [13],Financial services,United States and Ireland,Patrick and John Collison
Databricks,43,September 2023[13],Software,United States,Ali Ghodsi
Anthropic,20-30,October 2023 [22],Artificial Intelligence,United States,Dario Amodei
Epic Games,31.5,June 2022[13],Video games,United States,Tim Sweeney
Telegram,30,January 2021[23],Internet,United Arab Emirates,Nikolai and Pavel Durov
Fanatics,27,June 2022[13],E-commerce,United States,"Alan Trager, Mitch Trager, Michael Rubin[24]"
Chime,25,June 2022[13],Financial services,United States,Chris Britt and Ryan King
Canva,25,September 2023 [25],Graphic design,Australia,"Melanie Perkins, Clifford Obrecht, Cameron Adams"
Revolut,17.7,April 2023<[26],Financial technology,United Kingdom,"Nikolay Storonsky, Vlad Yatsenko"
Miro,17.5,January 2022[27],Software,United States,Andrey Khusid
Nature's Fynd,Undisclosed,July 2021[28],Consumer packaged goods,United States,"Thomas Jonas, Mark Kozubal, Yuval Avniel, Rich Macur, Daniel Livny, Matthew Strongin"
Trendyol,16.5,May 2021[29],E-commerce,Turkey,Demet Mutlu
Yuanfudao,15.5,October 2020[30],Educational technology,China,Yong Li
Discord,15,September 2021[31],Software,United States,"Jason Citron, Stanislav Vishnevsky"
DJI,15,September 2016[1],Technology,China,Frank Wang (Wang Tao)
GoPuff,15,July 2021[32],E-commerce,United States,"Yakir Gola, Rafael Ilishayev"
Xiaohongshu,14,September 2023[33],E-commerce,China,"Miranda Qu Fang, Charlwin Mao Wenchao"
Plaid,13.4,April 2021[34],Financial technology,United States,"Zach Perret, William Hockey"
Grammarly,13,November 2021[35],Collaborative software,Ukraine[36]/United States[37],"Alex Shevchenko, Max Lytvyn, and Dmytro Lider"
Devoted Health,12.6,October 2021[38],Healthcare,United States,Todd Park
Faire,12.4,November 2021[39],E-commerce,United States,Max Rhodes
Brex,12.3,October 2021[40],Finance,United States,Henrique Dubugras and Pedro Franceschi
Biosplice Therapeutics,12,April 2021[41],Health,United States,Osman Kibar
Bitmain,12,June 2018[citation needed],Cryptocurrency,China,Jihan Wu
GoodLeap,12,October 2021[42],Financial technology,United States,"Hayes Barnard, Jason Walker, Matt Dawson"
SenseTime,12,January 2021[43],Artificial intelligence,China / Hong Kong,Tang Xiao'ouXu Li
Getir,12,March 2022[44],Retail,Turkey,Nazım Salur
Northvolt,11.75,June 2021[45],Batteries,Sweden,"Peter Carlsson, Paolo Cerrutim, Harald Mix, Carl-Erik Lagercrantz"
Rippling,11.25,March 2023[46],Workforce management,United States,Parker Conrad
Airtable,11,December 2021[47],Collaborative software,United States,"Howie Liu, Andrew Ofstad, Emmett Nicholas"
Checkout.com,11,December 2022[13],Financial technology,United Kingdom,Guillaume Pousaz
Celonis,11,June 2021[48],Software,Germany,"Alex Rinke, Bastian Nominacher, Martin Klenk"
ZongMu Technology,11,June 2021[49],Self-driving cars,China,Tang Rui[50]
Bolt Financial,11,January 2022[51],Financial technology,United States,Ryan Breslow
Alchemy,10.2,January 2022 [52],Blockchain,United States,Joe Lau and Nikil Viswanathan
Swiggy,5.5,January 2022[53],Food delivery,India,"Nandan Reddy, Sriharsha Majety"
Aurora,10,December 2020[54],Self-driving cars,United States,
Chehaoduo,10,July 2021[55],Marketplace,China,
Digital Currency Group,10,November 2021[56],Venture capital,United States,
Figma,10,June 2021[57],Software,United States,Dylan Field and Evan Wallace
Gusto,10,August 2021[58],Software,United States,Joshua Reeves and Edward Kim
KuCoin,10,May 2022[59],Cryptocurrency,Seychelles,
Lalamove,10,January 2021[60],Supply chain management,Hong Kong / China,
Notion Labs,10,October 2021[61],Productivity software,United States,
Polygon Technology,10,February 2022[62],"Blockchain, Web3",United Arab Emirates,
Reddit,10,August 2021[63],Internet media,United States,"Steve Huffman, Aaron Swartz, Alexis Ohanian"
Ripple,10,December 2019[64],Cryptocurrency,United States,
Talkdesk,10,August 2021[65],Software as a service,Portugal / United States,"Cristina Fonseca, Tiago Paiva"
Oyo,9.6,August 2021[66],Hospitality,India,Ritesh Agarwal
Klaviyo,9.5,May 2021[67],Marketing,United States,
OutSystems,9.5,February 2021[68],Software development,United States[69],
ServiceTitan,9.5,June 2021[70],Software,United States,
HeyTea,9.3,July 2021[71],Retail,China,
VAST Data,9,December 2023[72],Data storage,United States,
Tanium,9,June 2020[73],Cybersecurity,United States,"David Hindawi, Orion Hindawi"
Kavak,8.7,October 2021[74],Marketplace,Mexico,
Rapyd,8.7,August 2021[75],Financial technology,United Kingdom,
Nuro,8.6,November 2021[76],Robotics,United States,
Snyk,8.5,September 2021[77],Application security,United Kingdom,"Assaf Hefetz, Danny Grander"
Bolt,8.4,January 2022[78],Transportation,Estonia / France,Markus Villig
Lacework,8.3,November 2021[79],Cloud security,United States,
Ramp,8.1,March 2022[80],Financial technology,United States,
Tempus,8.1,December 2020[81],Health,United States,
Dream11,8,November 2021[82],Fantasy sports,India,"Harsh Jain, Bhavit Sheth"
Flexport,8,February 2022[83],Logistics,United States,Ryan Petersen
StarkWare Industries,8,May 2022 [84],Blockchain,Israel,"Eli Ben-Sasson, Michael Riabzev, Uri Kolodny, Alessandro Chiesa"
Hopin,7.75,August 2021[85],Virtual event,United Kingdom,
Dapper Labs,7.6,September 2021[86],NFT,Canada,
Netskope,7.5,July 2021[87],Computer security,United States,"Sanjay Beri, Lebin Cheng, Ravi Ithal, Krishna Narayanaswamy"
Razorpay,7.5,December 2021[88],Financial technology,India,"Harshil Mathur, Shashank Kumar"
Carta,7.4,August 2021[89],Software,United States,Henry Ward
Ola Cabs,7.3,December 2021[90],Transportation,India,"Bhavish Aggarwal, Ankit Bhati"
Scale AI,7.3,April 2021[91],Artificial intelligence,United States,
Gong,7.25,June 2021[92],Artificial intelligence,United States,
TripActions,7.25,October 2021[93],Travel,United States,Ariel Cohen and Ilan Twig
CoreWeave,7,December 2023[94],Cloud Computing,United States,"Brannin McBee, Brian Venturo, Michael Intrator"
Automation Anywhere,6.8,November 2019[95],Robotic process automation,United States,
1Password,6.8,July 2021[96],Password manager,Canada,
WeDoctor,6.8,February 2021[97],Healthcare,China,
Yanolja,6.7,July 2021[98],Hospitality,South Korea,Lee Su-jin
Ziroom,6.6,March 2020[99],Real estate technology,China,
Klarna,6.5,July 2022[100],Financial technology,Sweden,"Sebastian Siemiatkowski, Niklas Adalberth, Victor Jacobsson"
Mollie,6.5,June 2021[101],Financial technology,Netherlands,
CRED,6.4,June 2022[102],Financial technology,India,Kunal Shah
DataRobot,6.3,July 2021[103],Artificial intelligence,United States,
Personio,6.3,October 2021[104],Software,Germany,
Doctolib,6.2,August 2022[105],Healthcare,France,
Lianjia (Homelink),6.04,April 2017[106],Real estate,China,
Better.com,6,April 2021[107],Financial services,United States,
Wiz,6,October 2021[108],Cybersecurity,Israel,
Xingsheng Youxuan,6,January 2021[109],Retail,China,
Back Market,5.8,August 2022[105],Marketplace,France,
Vice Media,5.7,February 2020[110],Mass media,United States,
Contentsquare,5.6,August 2022[105],Software as a service,France,
Fivetran,5.6,September 2021[111],Data infrastructure,United States,
PharmEasy,5.6,October 2021[112],Health technology,India,Siddharth Shah
Postman,5.6,August 2021[113],Software as a service,India / United States,
Airwallex,5.5,November 2021[114],Financial services,Australia / Hong Kong,
PhonePe,5.5,December 2020[115],Financial technology,India,"Sameer Nigam, Rahul Chari"
Viva Republica (Toss),5.48,June 2021[116],Financial technology,South Korea,
Pony.ai,5.3,November 2020[117],Artificial intelligence,China / United States,"James Peng, Tiancheng Lou"
Trade Republic,5.3,May 2021[118],Financial technology,Germany,
Rappi,5.25,July 2021[119],Transportation,Colombia,
Blockchain.com,5.2,March 2021[120],Cryptocurrency,United Kingdom,
OneTrust,5.1,December 2020[121],Cybersecurity,United Kingdom / United States,
SambaNova,5.1,April 2021[122],Artificial intelligence,United States,
Collibra,5+,January 2019[123],Data governance,Belgium,"Pieter De Leenheer, Felix Van de Maele, Stijn Christiaens"
Thrasio,5+,October 2021[124],Holding company,United States,Josh Silberstein and Carlos Cashman
CloudKitchens,5,November 2019[125],Ghost kitchen,United States,
Hello TransTech,5,March 2021[126],Transportation,China,
Hopper,5,August 2021[127],Travel,Canada,
JUUL Labs,5,October 2019[128],Electronic cigarettes,United States,
OfBusiness,5,December 2021[129],B2B e-commerce,India,"Bhuvan Gupta, Vasant Sridhar, Ruchi Kalra, Nitin Jain, Asish Mohapatra"
Ola Electric,5,January 2022[130],Electric vehicles,India,Bhavish Aggarwal
Qonto,5,August 2022[105],Finance,France,
Ro,5,March 2021[131],Health technology,United States,
Royole,5,August 2018[132],Flexible electronics,China / United States,
UBtech Robotics,5,May 2018[133],Robotics,China,
GetBlock,4.6,June 2020[citation needed],Blockchain,Georgia,Steven Lloyd
United Imaging Healthcare,5,September 2017[134],Healthcare,China,
Zepz,5,August 2021[135],Financial technology,United Kingdom,
Animoca Brands,5,January 2022[136],Blockchain gaming,Hong Kong,Yat Siu
Octopus Energy,5,December 2021[137],Energy supply,United Kingdom,
Meesho,4.9,September 2021[138],E-commerce,India,"Vidit Aatrey, Sanjeev Barnwal"
Pleo,4.7,December 2021[139],Financial technology,Denmark,
Anduril Industries,4.6,June 2021[140],Defense technology,United States,Palmer Luckey
Checkr,4.6,August 2021[141],Human resource management,United States,
Dataiku,4.6,August 2021[142],Artificial intelligence,France / United States,
Sorare,4.6,August 2022[105],Fantasy sports,France,
Magic Leap,4.5,February 2016[1][5],Augmented reality,United States,
Socure,4.5,November 2021[143],Identity management,United States,
Vinted,4.5,May 2021[144],Marketplace,Lithuania,"Milda Mitkutė, Justas Janauskas"
Zenefits,4.5,May 2015[2][5],Human resource management,United States,
Meizu,4.4,October 2016[134],Consumer electronics,China,
Outreach,4.4,June 2021[145],Sales,United States,
Arctic Wolf Networks,4.3,July 2021[146],Cybersecurity,United States,
Chainalysis,4.2,June 2021[citation needed][147],Blockchain,United States,
Relativity Space,4.2,June 2021[148],Aerospace,United States,
SSENSE,4.15,June 2021[149],E-commerce,Canada,
Bitpanda,4.1,August 2021[150],Cryptocurrency,Austria,
Dataminr,4.1,March 2021[151],Data analytics,United States,
Yello Mobile,4.05,November 2016[5][152],Software industry,South Korea,
Abnormal Security,4,May 2022[153],Cybersecurity,United States,"Evan Reiser, Sanjay Jeyakumar"
Branch Metrics,4,February 2022[154],Marketing,United States,
BrowserStack,4,June 2021[155],Software,India,"Ritesh Arora, Nakul Aggarwal"
Clubhouse,4,April 2021[156],Messaging,United States,Paul Davison and Rohan Seth
Houzz,4,June 2017[157],Interior design,United States,
iCapital Network,4,July 2021[158],Financial services,United States,
Megvii,4,May 2019[159],Technology,China,
Melio,4,September 2021[160],Financial technology,Israel,
Next Insurance,4,March 2021[161],Insurance,United States,
Olive,4,June 2021[162],Health technology,United States,
Patreon,4,April 2021[163],Online membership service,United States,"Jack Conte, Sam Yam"
PointClickCare,4,January 2021[164],Software,Canada,
QuintoAndar [pt],4,May 2021[165],Real estate,Brazil,
Niantic,3.95,January 2019[166],Video games,United States,
StockX,3.8,April 2021[167],E-commerce,United States,
Articulate,3.75,July 2021[168],Educational technology,United States,
Cohesity,3.7,March 2021[169],Software,United States,
Noom,3.7,May 2021[170],Healthcare,United States,
Papaya Global,3.7,September 2021[171],Workforce management,Israel / United States,
ShareChat,3.7,December 2021[172],Social network,India,"Ankush Sachdeva, Bhanu Pratap Singh, Farid Ahsan"
WHOOP,3.6,August 2021[173],Wearable technology,United States,
Shouqi,3.55,December 2016[134],Transportation,China,
Alchemy,3.5,October 2021[174],Blockchain,United States,
Coalition,3.5,September 2021[175],Cybersecurity,United States,
Commure,3.5,September 2021[176],Health technology,United States,
Digit Insurance,3.5,July 2021[177],Insurance,India,Kamesh Goyal
Mirakl,3.5,September 2021[178],Marketplace,France,
N26,3.5,July 2019[179],Financial services,Germany,
OwnBackup,3.35,August 2021[180],Data storage,United States,
Preferred Networks,3.33,September 2019[181],Artificial intelligence,Japan,
CARS24,3.3,December 2021[182],Marketplace,India,"Vikram Chopra, Mehul Agrawal, Gajendra Jangid and Ruchit Agarwal"
Kurly,3.3,July 2021[183],E-commerce,South Korea,
Rubrik,3.3,January 2019[184],Computer storage,United States,"Bipul Sinha, Arvind Jain, Soham Mazumdar, Arvind Nithrakashyap"
Scopely,3.3,October 2020[185],Mobile gaming,United States,
WeRide,3.3,June 2021[186],Self-driving cars,China,
Youxia Motors,3.3,October 2018[187],Electric vehicles,China,
MoonPay,3.4,November 2021[188],Cryptocurrency,United States,
Unacademy,3.4,August 2021[189],Educational technology,India,Gaurav Munjal
Plus.ai,3.3,May 2021[190],Self-driving trucks,United States,
Starburst Data,3.3,February 2022[191],Data analytics,United States,
Thumbtack,3.2,June 2021[192],Software,United States,Marco Zappacosta
ApplyBoard,3.2,June 2021[193],Educational technology,Canada,"Martin Basiri, Massi Basiri, Meti Basiri"
Blockstream,3.2,August 2021[194],Blockchain,Canada,
ConsenSys,3.2,November 2021[195],Blockchain,United States,
Cybereason,3.2,July 2021[196],Cybersecurity,Israel / United States,
Eruditus,3.2,August 2021[197],Educational technology,India,
PsiQuantum,3.15,July 2021[198],Quantum computing,United States,
SpotOn,3.15,September 2021[199],Financial technology,United States,
TiendaNube,3.1,August 2021[200],E-commerce,Argentina,
SentinelOne,3.1,November 2020[201],Cybersecurity,United States,
Udaan,3.1,January 2021[202],B2B e-commerce,India,"Vaibhav Gupta, Amod Malviya, Sujeet Kumar"
Wildlife,3+,August 2020[203],Mobile gaming,Brazil,
CMR Surgical,3,January 2021[204],Robotics,United Kingdom,
Traveloka,3,January 2017[205],Travel,Indonesia,
ActiveCampaign,3,April 2021[206],Marketing,United States,
"Age of Learning, Inc.",3,June 2021[207],Education,United States,
Automattic,3,September 2019[208],Internet,United States,Matt Mullenweg
Calendly,3,January 2021[209],Software,United States,Tope Awotona[210]
Contentful,3,July 2021[211],Content management system,Germany,
Forter,3,May 2021[212],Software,Israel / United States,
Grafana Labs,3,August 2021[213],Software,United States,
Groww,3,April 2021[214],Financial technology,India,"Lalit Keshre, Harsh Jain, Ishan Bansal, Neeraj Singh"
Hinge Health,3,January 2021[215],Healthcare,United States,
Horizon Robotics,3,February 2018[216],Semiconductors,China,
Lucid Software,3,June 2021[217],Software,United States,
MessageBird,3,October 2020[218],Cloud communications,Netherlands,
Pine Labs,5,February 2022[219],Financial technology,India,"Lokvir Kapoor, Rajul Garg, Tarun Upaday"
Seismic,3,August 2021[220],Software,United States,
Sky Mavis,3,October 2021[221],Video games,Vietnam,
Souche,3,September 2018[222],Marketplace,China,
TradingView,3,October 2021[223],Finance,United Kingdom,
Upstox,3.4,November 2021[224],Financial technology,India,"Ravi Kumar, Kavitha Subramanian, Shrini Viswanath"
Verkada,3.2,September 2022[225],Physical security,United States,"Filip Kailiszan, James Ren, Benjamin Bercowitz, Hans Robertson"
VANCL,3,February 2014[5],E-commerce,China,
Veepee,3,August 2022[105],E-commerce,France,
VIPKID,3,June 2018[226],Education,China,
Warby Parker,3,August 2020[227],Retail,United States,
Wefox,3,June 2021[228],Insurance,Germany,
Yixia Technology,3,November 2016[134],Internet media,China,
OVO,2.9,March 2019[7],Financial technology,Indonesia,
Workrise,2.9,May 2021[229],Workforce management,United States,
DriveWealth,2.85,August 2021[230],Financial technology,United States,
BharatPe,2.8,August 2021[231],Financial technology,India,Ashneer Grover
Graphcore,2.8,December 2020[232],Semiconductors,United Kingdom,
Icertis,2.8,March 2021[233],Software,India / United States,"Samir Bodas, Monish Darda."
OakNorth,2.8,February 2019[234],Finance,United Kingdom,
UnionPay,2.8,October 2016[134],Finance,China,
Urban Company,2.8,December 2021[235],Home improvement,India,
Bird,2.78,October 2019[236],Transportation,United States,
Convoy,2.75,November 2019[237],Trucking,United States,
Illumio,2.75,June 2021[238],Cybersecurity,United States,
MasterClass,2.75,May 2021[239],Educational technology,United States,
Zipline,2.75,June 2021[240],Logistics,United States,
Daangn Market,2.7,August 2021[241],E-commerce,South Korea,
Tridge,2.7,August 2022[242],Software as a service,South Korea,
Nextiva,2.7,September 2021[243],Software,United States,
Tradeshift,2.7,March 2021[244],Financial technology,United States,
Deliverect,1.4,January 2022[245],Ordering software for POS,Belgium,
Odoo,2.63,July 2021[246],CRM,Belgium,
AmWINS Group,2.6,October 2016[247],Insurance,United States,
ManoMano,2.6,July 2021[248],E-commerce,France,
Pendo,2.6,July 2021[249],Software,United States,
Sourcegraph,2.6,July 2021[250],Developer platform,United States,
Jumpcloud,2.56,September 2021[251],Software,United States,
Cato Networks,2.5,October 2021[252],Cybersecurity,Israel,
eToro,2.5,December 2020[253],Financial technology,Israel,"Yoni Assia, Ronen Assia, David Ring"
Infra.Market,2.5,August 2021[254],Marketplace,India,"Aaditya Sharda, Souvik Sengupta"
DriveNets,2.5+,August 2022[255],"Network operating system, Software-defined networking, Software as a service",Israel,"Ido Susan, Hillel Kobrinsky"
Lenskart,2.5,May 2021[256],Retail,India,"Peyush Bansal, Amit Chaudhary, Sumeet Kapahi"
Monzo,2.5,June 2019[257],Financial services,United Kingdom,
Ualá,2.45,November 2019[citation needed],Personal finance,Argentina,
HoneyBook,2.4,November 2021[258],Financial services,Israel / United States,
BitSight,2.4,September 2021[259],Cybersecurity,United States,"Nagarjuna Venna, Stephen Boyer"
Exabeam,2.4,June 2021[260],Cybersecurity,United States,
Paxos,2.4,April 2021[261],Cryptocurrency,United States,
Mozido,2.39,October 2014[5],E-commerce,United States,
Wemakeprice,2.33,September 2015[262],E-commerce,South Korea,Huh Min
Highspot,2.3,February 2021[263],Sales,United States,
MPL,2.3,September 2021[264],Mobile gaming,India,
Uptake,2.3,November 2017[265],Asset performance management,United States,
Algolia,2.25,June 2021[266],Software,France / United States,
KeepTruckin,2.25,June 2021[267],Logistics,United States,
Via Transportation,2.25,March 2020[268],Transportation,United States,
Zume,2.25,November 2018[269],"Food packaging, Logistics",United States,"Alex Garden, Julia Collins"
Acorns,2.2,May 2021[270],Financial technology,United States,
Bitso,2.2,May 2021[271],Cryptocurrency,Mexico,
Gympass,2.2,June 2021[272],Fitness,Brazil / United States,
Transmit Security,2.2,June 2021[273],Cybersecurity,Israel / United States,
Addepar,2.17,June 2021[274],Financial technology,United States,
Eightfold.ai,2.1+,June 2021[275],Artificial intelligence,United States,
PayFit,2.1,January 2022[276],Software,France,"Ghislain de Fontenay, Firmin Zoccchetto, Florian Fournier"
6sense,2.1,March 2021[277],Artificial intelligence,United States,
C6 Bank [pt],2.1,December 2020[278],Financial services,Brazil,
Mambu,2.1,January 2021[279],Financial technology,Germany,
Moveworks,2.1,June 2021[280],Artificial intelligence,United States,
Nextdoor,2.1,May 2019[281],Social network,United States,
Webflow,2.1,January 2021[282],Web development,United States,
bKash,2+,November 2021[283][284],Mobile financial services,Bangladesh,Kamal Quadir
Babylon Health,2+,August 2019[285],Healthcare,United Kingdom,
Bought By Many,2+,June 2021[286],Insurance,United Kingdom,
FlixMobility,2+,August 2019[287],Transportation,Germany / France,
Tipalti,2+,October 2020[citation needed],Financial technology,United States / Israel,
XtalPi,2+,August 2021[288],Pharmaceuticals,China,
Figure AI,2,February 2024[289],Humanoid robotics,United States,
Hive,2,April 2021[290],Artificial intelligence,United States,"Kevin Guo, Dmitriy Karpman"
Mural,2,July 2021[291],Technology,Argentina / United States,Patricio Jutard
Aiven,2,October 2021[292],Data infrastructure,Finland,
AppsFlyer,2,November 2020[293],Mobile marketing analytics,Israel / United States,
Beijing Weiying Technology,2,April 2016[5],"E-commerce, movie ticket distributor",China,
BlaBlaCar,2,April 2021[294],Transportation,France,
Calm,2,December 2020[295],Digital health,United States,"Michael Acton Smith, Alex Tew"
Clearco,2,April 2021[296],Financial services,Canada,
ClickHouse,2,October 2021[297],Database management,United States,
Clip,2,June 2021[298],Financial technology,Mexico,
Cockroach Labs,2,January 2021[299],Database management,United States,
Divvy Homes,2,August 2021[300],Real estate technology,United States,
Druva,2,April 2021[301],Cloud computing,India / United States,
Exotec,2,August 2022[105],Robotics,France,
Firstp2p,2,September 2016[5],Financial services,China,
Formlabs,2,May 2021[302],3D printing,United States,
Huimin.cn,2,September 2016[134],B2B e-commerce,China,
Iterable,2,June 2021[303],Marketing,United States,
Kry,2,April 2021[304][305],Healthcare,Sweden,
Meicai.cn,2,June 2016[134],"Agriculture, E-commerce",China,
Mynt,2,November 2021[306],Financial technology,Philippines,
OPay,2,August 2021[307],Financial technology,Nigeria,
Oxford Nanopore Technologies,2,November 2012[308],Nanopore sequencing,United Kingdom,
Sword Health,2,November 2021[309],Health,Portugal / United States [69],
Taopiaopiao,2,July 2017[134],"E-commerce, movie ticket distributor",China,
Trendy International Group,2,February 2012[5][310],"Fashion, Retail",China / Hong Kong,
Unqork,2,October 2020[311],Software development,United States,
Zerodha,2,May 2021[312],Financial technology,India,
Zilch,2,November 2021[313],Financial technology,United Kingdom,
Akulaku,2,February 2022[314],Financial technology,Indonesia,
Ankorstore,1.98,August 2022[105],Marketplace,France,
Avant,1.98,September 2015[5],Consumer finance,United States,
Intarcia Therapeutics,1.95,September 2016[5],Pharmaceutical,United States,
ThoughtSpot,1.95,August 2019[315][316],Analytics,United States,
Yinlong Group,1.95,December 2016[134],Energy,China,
Sanpower Group,1.93,March 2018[134],Holding company,China,
ZigBang,1.93,June 2022[317],Property technology,South Korea,
Bunq,1.9,July 2021[318],Financial services,Netherlands,
CoinSwitch Kuber,1.9,October 2021[319],Cryptocurrency,India,"Ashish Singhal, Vimal Sagar Tiwari, Govind Soni"
Dfinity,1.9,August 2018[320],Cloud computing,Switzerland,
Prosper Marketplace,1.9,August 2015[5],Financial technology,United States,
Musinsa,1.89,November 2019[262],Fashion,South Korea,
Apus Group,1.85,August 2017[134],Mobile internet,China,
BenevolentAI,1.85,August 2015[5],Drug discovery,United Kingdom,
MEGAZONE,1.83,Aug 2022[321],Cloud computing,South Korea,
BillDesk,1.8,November 2018[322],Financial technology,India,"M.N. Srinivasu, Ajay Kaushal, Karthik Ganapathy"
Landa Digital Printing,1.8,June 2018[323],Printing,Israel,
Lightricks,1.8,September 2021[324],Software development,Israel,
NantOmics,1.8,June 2015[5],Biotechnology,United States,
Orca Security,1.8,October 2021[325],Cybersecurity,Israel,
Quora,1.8,April 2017[326],Social network,United States,
Zocdoc,1.8,August 2015[5],Healthcare,United States,
L&P Cosmetic,1.78,March 2018[262],Cosmetics,South Korea,
Creditas [pt],1.75,December 2020[citation needed],Financial services,Brazil,
Spinny,1.75,November 2021[327],Marketplace,India,"Niraj Singh, Ramanshu Mahaur, Ganesh Pawar, Mohit Gupta"
Trulioo,1.75,June 2021[328],Identity management,Canada,
ADVASA,1.7,January 2023 [329],Software,Japan,
AlphaSense,1.7,June 2022[330],Software,United States,
Dragos,1.7,October 2021[331],Cybersecurity,United States,
dutchie,1.7,March 2021[332],Cannabis,United States,
GVE,1.7,January 2023 [329],Software,Japan,
Harness,1.7,June 2021[333],Software,United States,Jyoti Bansal
PAX Labs,1.7,April 2019[334],Cannabis,United States,
Taihe Music Group,1.7,June 2018[134],,China,
Vestiaire Collective,1.7,September 2021[335],Marketplace,France,
Voodoo,1.7,August 2022[105],Gaming,France,
VTEX [pt],1.7,September 2020[336],Technology,Brazil,
Wave,1.7,September 2021[337],Financial technology,Senegal / United States,
Workato,1.7,December 2020,Technology,United States,
Alan,1.68,April 2021[338],Health technology,France,
GoStudent,1.67,June 2021[339],Educational technology,Austria,
Hibob,1.65,October 2021[340],HR technology,Israel / United States,
Solarisbank,1.65,July 2021[341],Financial technology,Germany,
Wayflyer,1.6,Feb 2022[342],Financial technology,Ireland,
Afiniti,1.6,May 2017[343],Software development,United States,
Aiways,1.6,April 2018[134],Electric vehicles,China,
Caocao Zhuanche,1.6,January 2018[134],,China,
Clari,1.6,March 2021[344],Software,United States,
Clio,1.6,April 2021[345],Legal technology,Canada,
Cognite,1.6,May 2021,Software,Norway,
HomeLight,1.6,September 2021[346],Real estate,United States,
Infinidat,1.6,October 2017[citation needed],Data storage,Israel / United States,
Judo Bank,1.6,December 2020[347],Financial services,Australia,
Nord Security,1.6,April 2022[348],VPN service,Lithuania,"Tom Okman, Eimantas Sabaliauskas, Jonas Karklys"
SafetyCulture,1.6,May 2021[349],Technology,Australia,Luke Anear
SmartHR,1.6,May 2021[350],HR technology,Japan,
Unite Us,1.6,March 2021[351],Healthcare,United States,
Vanta,1.6,June 2022[352],Cybersecurity,United States,Christina Cacioppo
CureFit,1.56,November 2021[353],,India,"Mukesh Bansal, Ankit Nagori"
HeartFlow,1.5+,February 2018[354],,United States,
Loom,1.53,May 2021[355],Video messaging,United States,
Aihuishou,1.5,January 2018[134],,China,
Andela,1.5,September 2021[356],Education,Nigeria/ United States,
Culture Amp,1.5,July 2021[357],Software,Australia,
Devo Inc,1.5,October 2021[358],Software,Spain,
Gett,1.5,May 2019[359],Transportation,Israel,
ID.me,1.5,March 2021[360],Identity verification service,United States,
Ledger,1.5,June 2021[361],Cryptocurrency,France,
Matillion,1.5,September 2021[362],Data analytics,United Kingdom,
MOLOCO,1.5,August 2021[363],Advertising technology,United States,
Molbio Diagnostics,1.5,February 2023[364],Medical Device,India,
Mu Sigma,1.5,February 2013[365],Management consulting,India / United States,
NextSilicon,1.5,June 2021[366],Semiconductors,Israel,
NotCo,1.5,July 2021[367],Food technology,Chile,
Podium,1.5,August 2019[368],Software,United States,
Remote,1.5,July 2021[369],Software,United States[69],
Spring Rain Software,1.5,June 2016[134],,China,
Starling Bank,1.5,March 2021[370],Financial technology,United Kingdom,
Tujia.com,1.5,October 2017[371][372],,China,
ZBJ.com,1.5,June 2015[134],,China,
Ascend Money,1.5,September 2021[373],Financial technology,Thailand,
Hellobike,1.47,June 2018[134],,China,
Suning Sports,1.47,July 2018[134],Holding company,China,
Koudai Gouwu,1.45,October 2014[134],,China,
M1 Finance,1.45,July 2021[374],Financial technology,United States,
Zeta,1.45,May 2021[375],Financial technology,India,"Bhavin Turakhia, Ramki Gaddipati"
Away,1.4,May 2019[376],Retail,United States,
Bucketplace,1.4,May 2022[377],Interior design,South Korea,
Cabify,1.4,January 2018[378],Transportation,Spain,
Chargebee,1.4,April 2021[379],Financial technology,India / United States,
Epidemic Sound,1.4,March 2021[380],Music,Sweden,"Peer Åström, David Stenmarck, Oscar Höglund, Jan Zachrisson"
FiscalNote,1.4,May 2021[381],Data analytics,United States,"Timothy Hwang, Gerald Yao, Jonathan Chen"
Five Star Finance,1.4,March 2021[382],Financial services,India,
Gupshup,1.4,April 2021[383],Messaging,India / United States,
IAD,1.4,Oct 2021[384],Real estate,France,
NetDocuments,1.4,May 2021[385],Software,United States,
"Panther Labs, Inc.",1.4,December 2021[386],Computer security,United States,Jack Naglieri
Pristyn Care,1.4,December 2021[387],Health technology,India,
"QOMPLX, Inc.",1.4,March 2021[citation needed],Computer security,United States,
Rebel Foods,1.4,October 2021[388],Ghost kitchen,India,
Stash,1.4,February 2021[389],Financial technology,United States,
Symphony,1.4,June 2019[390][391],Software,United States,
Voyager,1.4,April 2022[392],Financial technology,Philippines,
Yotpo,1.4,March 2021[393],Marketing,Israel / United States,
RIDI,1.33,August 2021[394],E-commerce,South Korea,
Zetwerk,1.33,August 2021[395],,India,
GPClub,1.32,December 2018[262],,South Korea,
DistroKid,1.3,August 2021[396],Music,United States,
ETCP,1.3,October 2016[134],,China,
Feedzai,1.3,March 2021[397],Artificial intelligence,Portugal / United States,
G2,1.3,June 2021[398],Technology,United States,"Tim Handorf, Godard Abel, Matt Gorniak, Mark Myers, Mike Wheeler"
Innovaccer,1.3,February 2021[399],Health care,India / United States,"Abhinav Shashank, Kanav Hasija, Sandeep Gupta"
Knotel,1.3,August 2019[400],,United States,
Konfio,1.3,September 2021[401],Financial services,Mexico,
Kr Space,1.3,June 2018[134],,China,
Yugabyte,1.3,October 2021[402],Database management,United States,
Incode,1.25,December 2021[403],Technology,Mexico,
Applied Intuition,1.25,October 2020[404],Software,United States,
BigID,1.25,May 2018[405],Cybersecurity,Israel / United States,
Deel,1.25,April 2021[406],,Israel / United States,
ezCater,1.25,April 2019[407],,United States,"Stefania Mallett, Briscoe Rodgers"
Iwjw,1.25,November 2015[134],,China,
Marshmallow,1.25,September 2021[408],Insurance,United Kingdom,
Rec Room,1.25,March 2021[409],Video games,United States,
Nexii,1.23,September 2021[410],Building services engineering,Canada,
Spiber,1.22,September 2021[411],Biotechnology,Japan,
Mamaearth,1.2,January 2022[412],Personal care,India,Varun Alagh and Ghazal Alagh
Merama,1.2,December 2021[413],E-commerce,Mexico,
Jokr,1.2,June 2021[414],Transportation,United States,
Ada,1.2,May 2021[415],Software,Canada,
Alation,1.2,June 2021[416],Software,United States,"Satyen Sangani, Aaron Kalb, Feng Niu, and Venky Ganti"
Apotea,1.2,April 2021[305],E-commerce,Sweden,
Axonius,1.2,March 2021[417],Cybersecurity,Israel / United States,
Byton,1.2,June 2018[134],Automotive,China,
CarDekho,1.2,October 2021[418],Marketplace,India,
Copado,1.2,September 2021,Software,Spain / United States,
Dada,1.2,August 2018[134],,China,
Dental Monitoring,1.2,October 2021[419],Healthcare,France,
Deutsche Health,1.2,August 2020[134],,Germany / Russia,
Droom,1.2,July 2021[420],Marketplace,India,Sandeep Aggarwal
Fair,1.2,December 2018[421],,United States,
FirstCry,1.2,February 2020[422],E-commerce,India,
FloQast,1.2,July 2021[423],Software,United States,
Forto,1.2,June 2021[424],Software,Germany,
Glossier,1.2,March 2019[425],,United States,
Intercom,1.2,March 2018[426],Software,United States,
Kyriba,1.2,October 2021[427],Cloud software,France,
MindTickle,1.2,August 2021[428],Software as a service,India,
MyGlamm,1.2,November 2021[429],E-commerce,India,
Triple-1,1.2,January 2023 [329],Blockchain,Japan,
Rohlik,1.2,June 2021[430],Retail,Czech Republic,
upGrad,1.2,August 2021[431],Educational technology,India,
Workhuman,1.2,June 2020[432],Software,Ireland,
Sysdig,1.18,April 2021[433],Cybersecurity,United States,
3DOM Alliance Inc.,1.1,January 2023 [329],Battery manufacturing,Japan,
Acko,1.1,October 2021[434],Insurance,India,
Apna,1.1,September 2021[435],,India,
Carousell,1.1,September 2021[436],Marketplace,Singapore,
CoinDCX,1.1,August 2021[437],Cryptocurrency,India,"Sumit Gupta, Neeraj Khandelwal"
Purplle,1.1,June 2022[438],E-Commerce,India,"Manish Taneja, Rahul Dash"
GlobalBees,1.1,December 2021[439],,India,
Luoji Siwei,1.1,September 2017[134],,China,
Nexthink,1.1,February 2021[440],Technology,Switzerland,
Sisense,1.1,January 2020[441],Business intelligence,Israel / United States,
SmartNews,1.1,August 2019[442],,Japan,
Trax,1.1,May 2019[443],,Singapore / Israel,
Virta Health,1.1,December 2020[444],Healthcare,United States,
Benevity,1.1,December 2020[445],Software as a service,Canada,Bryan de Lottinville
Zego,1.1,March 2021[446],Insurance,United Kingdom,
Instabase,2.0,June 2023[447],Software,United States,Anant Bhardwaj
Rivigo,1.05,October 2019[448],Logistics,India,"Deepak Garg, Gazal Kalra"
Aprogen,1.04,December 2019[317],,South Korea,
Character.ai,1,March 2023[449],Artificial Intelligence,United States,"Daniel De Freitas, Noam Shazeer"
Pentera,1.0,January 2022[450],Cybersecurity,Israel,"Arik Liberzon, Arik Faingold[451]"
"VectorBuilder, Inc.",1+,"July 26, 2023[452]",Biotechnology,United States,"Bruce Lahn, Kristofer Mussar"
Emplifi,1+,March 2022[453],Technology,"United States, United Kingdom and Europe",
Gymshark,1+,August 2020[454],Sportswear,United Kingdom,"Ben Francis, Lewis Morgan"
Kopi Kenangan,1+,December 2021[455],Coffee shop,Indonesia,
Clara,1+,December 2021[456],Financial technology,Mexico,
58 Daojia,1+,October 2015[134],,China,
Acronis,1+,September 2019[457],Software,Singapore / Switzerland,
Aircall,1+,October 2021[458],Cloud,France,
Ajaib,1+,October 2021[459],Financial technology,Indonesia,
Amber Group,1+,June 2021[460],Cryptocurrency,Hong Kong,
AppDirect,1+,October 2015[461],,United States,
Aqua Security,1+,March 2021[462],Cloud computing,Israel,
Asia First Media,1+,September 2019[463],Media,Japan,
Assent Compliance,1+,January 2022[464],Supply chain management,Canada,
Beibei,1+,June 2016[134],E-commerce,China,
Blackbuck,1+,July 2021[465],Logistics,India,
Back market,1+,October 2021[466],E-commerce,France,
Bluecore,1+,August 2021[467],E-commerce,United States,
Bringg,1+,June 2021[468],Logistics,Israel,
"Cadence Solutions, Inc.",1+,December 2021[469],Healthcare,United States,Chris Altchek
Calabrio,1+,March 2021[470],Software,United States,
Carro,1+,June 2021[471],Marketplace,Singapore,
Carsome,1+,July 2021[472],Marketplace,Malaysia,
Chubao Technology,1+,May 2017[134],,China,
Dream Games,1+,June 2021[473],Video games,Turkey,
Dt Dream,1+,June 2017[134],,China,
Dunamu,1+,Jul 2021[474],Financial technology,South Korea,
DXY,1+,April 2018[134],,China,
Earnix,1+,February 2021[475],Financial technology,Israel,
Ebanx,1+,October 2019[476],Financial services,Brazil,
EMPG,1+,June 2020[477],Real estate technology,United Arab Emirates,
eSentire,1+,Feb 2022[478],Cybersecurity,Canada / United States,
Flash Express,1+,June 2021[479][480],Logistics,Thailand,
Flexe,1+,July 2022[481],Logistics,United States,Karl Siebrecht
Flutterwave,1+,March 2021[482],Financial technology,Nigeria / United States,
Fractal,1+,January 2022,Artificial intelligence,India / United States,
FreshBooks,1+,August 2021[483],Accounting software,Canada,
Frontline Education,1+,September 2017[484],,United States,
FXiaoKe,1+,January 2018[134],,China,
Gelato,1+,August 2021[485],,Norway,
GeoComply,1+,March 2021[486],Cybersecurity,Canada,
GetYourGuide,1+,May 2019[487],Travel,Germany,
Glance,1+,December 2020[488],Artificial intelligence,India,
Go1,1+,July 2021[489],Education,Australia,
GoGoVan,1+,September 2017[490],Technology,Hong Kong,
Gorillas,1+,March 2021[491],Retail,Germany,
Gousto,1+,November 2020[citation needed],Meal kit,United Kingdom,
Blinkit,1+,June 2021[492],Retail,India,
Grover,1+,April 2022 [493],E-commerce,Germany,Michael Cassau
Grove Collaborative,1+,September 2019[citation needed],,United States,
Hailo,1+,June 2021[494],Electronics,Israel,
HighRadius,1+,January 2020[495],Software as a service,India / United States,
Huikedu Group,1+,May 2018[134],,China,
iCarbonX,1+,July 2016[134],Healthcare,China,
IFood,1+,November 2018[496],Food delivery,Brazil,
IGAWorks,1+,Aug 2021[497],Advertising technology,South Korea,
Improbable,1+,May 2017[498],Cloud computing,United Kingdom,
Infobip,1+,July 2020[499],Cloud communications,Croatia,"Silvio Kutić, Izabel Jelenić, Roberto Kutić"
Injective,1+,April 2021[500],Financial technology,United States,"Eric Chen, Albert Chon"
InMobi,1+,May 2017[501],Internet,India,"Naveen Tewari, Mohit Saxena, Amit Gupta and Abhay Singhal"
InVision,1+,November 2017[502],,United States,
Ivalua,1+,May 2020[503],,France,
Jollychic,1+,May 2018[134],,China,
JoyTunes,1+,June 2021[504],Music,Israel,
Kitopi,1+,July 2021[505],Ghost kitchen,United Arab Emirates,
Klook,1+,April 2019[506][507],,Hong Kong,
Lamabang,1+,February 2017[134],,China,
LetsGetChecked,1+,June 2021[508],Healthcare,Ireland,
Licious,1+,October 2021[509],Retail,India,"Abhay Hanjura, Vivek Gupta"
Lydia,1+,August 2022[105],Finance,France,
Lilium GmbH,1+,June 2020[510],Transportation,Germany,
LinkSure Network (WiFi Master Key),1+,January 2015[134],,China,
Liquid Group,1+,April 2019[511],Cryptocurrency,Japan,
LMAX Group,1+,July 2021[512],Financial technology,United Kingdom,
Locus Robotics,1+,February 2021[513],Robotics,United States,
Loft Brazil Technology [pt],1+,January 2020[514],Real estate,Brazil,
Lunar,1+,July 2021[515],Financial technology,Denmark,
Loggi [pt],1+,June 2019[citation needed],Logistics,Brazil,
Lookout,1+,August 2014[516],Cybersecurity,United States,
MadeiraMadeira [pt],1+,January 2021[517],Furniture,Brazil,
Maimai,1+,August 2018[518],,China,
Matrixport,1+,August 2021[519],Cryptocurrency,Singapore,
Meero,1+,June 2019[520],Internet,France,
Mensa Brands,1+,November 2021[521],E-commerce,India,
Mia.com,1+,October 2016[134],,China,
MindMaze,1+,February 2016[522],,Switzerland,
MobiKwik,1+,October 2021[523],Financial technology,India,
MobileCoin,1+,August 2021[524],Cryptocurrency,United States,
Mobvoi,1+,October 2015[134],Artificial intelligence,China,
Mofang Apartment,1+,April 2016[134],,China,
Moglix,1+,May 2021[525],E-commerce,India / Singapore,Rahul Garg
Moka,1+,November 2021[526],Human resource management,China,
Morning Consult,1+,June 2021[527],,United States,
Ninja Van,1+,September 2021[528],Logistics,Singapore,
Nium,1+,July 2021[529],Financial technology,Singapore,
NoBroker,1+,November 2021[530],,India,"Akhil Gupta, Amit Agarwal, Saurabh Garg"
Numbrs,1+,August 2019[531],Financial technology,Switzerland,
Kredivo,1+,January 2022,Financial technology,Indonesia,
OCSiAl,1+,March 2019[532],Nanotechnology,Luxembourg,
Opn (Synqa),1+,May 2022[533],Financial technology,Japan,"Jun Hasegawa, Ezra Don Harinsut"
OrCam,1+,February 2018[534],Health,Israel,
PandaDoc,1+,September 2021[535],Software as a service,United States,"Mikita Mikado, Sergey Barysiuk"
Pantheon Systems,1+,July 2021[536],WebOps,United States,
PatSnap,1+,March 2021[537],Intellectual property,Singapore,
Perimeter 81,1,June 2022[538],Network security,Israel,"Sagi Gidali, Amit Bareket"
Picsart,1+,August 2021[539],Graphic design,Armenia / United States,"Hovhannes Avoyan, Artavazd Mehrabyan, Mikayel Vardanyan"
Pipedrive,1+,November 2020[540],Customer relationship management (CRM),Estonia / United States,
Playco,1+,September 2020[541],Mobile gaming,Japan,
"Printful, Inc",1+,May 2021[542],Technology,Latvia,
Redis Labs,1+,August 2020[543],Software,Israel / United States,
REEF Technology,1+,November 2020[544],Real estate technology,United States,
Quizlet,1+,May 2020[545],Educational technology,United States,
Revolution Precrafted,1+,October 2017[546],Architecture,Philippines,
Rubicon Global,1+,September 2017[547],Waste management,United States,
Sennder,1+,January 2021[548],Logistics,Germany,
Shift Technology,1+,May 2021[549],Artificial intelligence,France,
Shippo,1+,June 2021[550],,United States,"Laura Behrens Wu, Simon Kreuz"
Sift,1+,April 2021[551],Fraud prevention,United States,
Slice,1+,November 2021[552],Financial technology,India,
SmartAsset,1+,June 2021[553],Financial technology,United States,
SmartMore,1+,June 2021[554],Artificial intelligence,China,
Snapdeal,1+,May 2017[5],E-commerce,India,"Rohit Bansal, Kunal Bahl"
Socar,1+,October 2020[555],Car sharing,South Korea,
SoundHound,1+,May 2018[556],,United States,
Spendesk,1+,August 2022[105],Financial software,France,
Splashtop,1+,January 2021[557],Software,United States,
Staffbase,1.1,March 2022[558],Software as a service,Germany,"Frank Wolf, Lutz Gerlach, Martin Böhringer"
Swile,1+,October 2021[559],Financial services,France,
Synthesia,1+,June 2023[560],Artificial intelligence,United Kingdom,"Lourdes Agapito, Matthias Niessner, Victor Riparbelli, Steffen Tjerrild"
Tekion,1+,October 2020[561][562],Software as a service,United States,
Tenstorrent,1+,May 2021[563],Semiconductors,Canada,
Tezign,1+,October 2021[564],Software,China,
Tongdun Technology,1+,October 2017[134],,China,
Tractable,1+,June 2021[565],Artificial intelligence,United Kingdom,
Tresata,1+,October 2018[566],,United States,
TrueLayer,1+,September 2021[567],Financial technology,United Kingdom,
Trustly,1+,June 2020[568],Financial technology,Sweden,
Turo,1+,July 2019[569],Car sharing,United States,
Udacity,1+,November 2015[570],Education,United States,
Unisound,1+,July 2018[134],Technology,China,
Vagaro,1+,November 2021[571],Software as a service,United States,Fred Fady Helou
Vedantu,1+,September 2021[572],Educational technology,India,
Blibli,1+,December 2021,E-commerce,Indonesia,
Verbit,1+,June 2021[573],Software,Israel,
VerSe Innovation,1+,December 2020[574],Technology,India,Virendra Gupta
Visier,1+,June 2021[575],Technology,Canada,
volocopter,1+,March 2021[576],Transportation,Germany / France,
Vox Media,1+,August 2015[577],Digital media,United States,
VTS,1+,May 2019[578],,United States,
Wacai.com,1+,July 2018[134],,China,
WeLab,1+,December 2019[579],Financial technology,Hong Kong,
Womai,1+,October 2015[134],,China,
Xendit,1+,September 2021[580],Financial technology,Indonesia,
Xiaozhu.com,1+,November 2017[134],,China,
YH Global,1+,September 2017[134],Telecommunications,China,
Yidian Zixun,1+,October 2017[134],,China,
Yitu Technology,1+,July 2018[134],,China,
YunQuNa,1+,May 2021[581],Logistics,China,
Zenoti,1+,December 2020[582],Software company,India / United States,
Zhaogang.com,1+,July 2017[134],,China,
Zhuanzhuan,1+,April 2017[134],,China,
Zuoyebang,1+,July 2018[134],,China,
eFishery,1+,May 2023,Aquaculture,Indonesia,
LINE MAN Wongnai,1+,September 2022[134],"E-commerce, Food delivery",Thailand,
ReliaQuest,1+,December 2021[583],Cybersecurity,United States,Brian Murphy
DANA,1+,September 2022,Financial technology,Indonesia,
Nagad,1+,July 2023[584][585],Mobile financial services,Bangladesh,Tanvir A Mishuk
Deezer,1,August 2022[105],Music,France,
5ire,1.5+,July 2022[586],Technology,India,Pratik Gauri
Ecovadis,1,August 2022[105],"Environmental, social, and corporate governance",France,
Scandit,1,February 2022[587],Software,Switzerland,"Samuel Mueller, Christian Floerkemeier, Christof Roduner"
BlueVoyant,1+,February 2022[588],Cybersecurity,United States,"Jim Rosenthal, Chris Meissner, Jim Thompson, and Arun Sankaran"
Payhawk,1+,March 2022[589],Financial technology,Bulgaria,
Einride,1.44,April 2022[69],Technology,Sweden,
OneCard,1.4+,July 2022[590],Financial technology,India,"Anurag Sinha, Rupesh Kumar, Vaibhav Hathi"
Voi,1+,April 2022[69],,Sweden,
Neo Financial,1,May 2022[591],Financial technology,Canada,"Andrew Chau, Jeff Adamson, Kris Read"
Physics Wallah,1.1,June 2022[592],Educational technology,India,Alakh Pandey
Stytch,1,November 2021[593],Cybersecurity,United States,"Reed McGinley-Stempel, Julianna Lamb"
Younited [fr],1.1,December 2022[594],Financial services,France,"Charles Egly, Geoffroy Guigou"
